model,run_id,accuracy,precision,recall,f1_score,roc_auc,true_negatives,false_positives,false_negatives,true_positives
Logistic_Regression,002b4f5cd0bc44fdb3d4b2f397e21612,0.7991483321504613,0.6426332288401254,0.5481283422459893,0.5916305916305916,0.8402593712056627,921,114,169,205
Random_Forest,80ab299e172245d5b3275335519e2ba6,0.8026969481902059,0.6632653061224489,0.5213903743315508,0.5838323353293413,0.8405164173706372,936,99,179,195
Decision_Tree,4adca8f19c344229bd8d0d56edd6b2a9,0.7714691270404542,0.5734463276836158,0.5427807486631016,0.5576923076923077,0.7674119713761658,884,151,171,203
XGBoost,bde500eeca354ad4b8b76e4caa16af5d,0.7991483321504613,0.6501650165016502,0.5267379679144385,0.5819793205317577,0.8368751453150429,929,106,177,197
CatBoost,6d024ce8238743b8a166ae90b2f1c24e,0.8048261178140526,0.6677966101694915,0.5267379679144385,0.5889387144992526,0.8436384303391975,937,98,177,197
